{"cameraMode":{"drawMode":0,"name":"Shaded","section":"Shading Mode"},"sceneLighting":true,"audioPlay":false,"sceneViewState":{"showFog":true,"showMaterialUpdate":false,"showSkybox":true,"showFlares":true,"showImageEffects":true,"showParticleSystems":true},"in2DMode":false,"pivot":{"x":5.327236175537109,"y":-51.78799819946289,"z":9.621491432189942},"rotation":{"x":-0.39974096417427065,"y":-0.5955683588981628,"z":0.4419460594654083,"w":-0.5386921763420105},"size":73.67034149169922,"orthographic":false}