{"cameraMode":{"drawMode":0,"name":"Shaded","section":"Shading Mode"},"sceneLighting":true,"audioPlay":false,"sceneViewState":{"showFog":true,"showMaterialUpdate":false,"showSkybox":true,"showFlares":true,"showImageEffects":true,"showParticleSystems":true},"in2DMode":false,"pivot":{"x":0.7722814679145813,"y":-25.114055633544923,"z":2.7316627502441408},"rotation":{"x":-0.024513259530067445,"y":-0.7604852914810181,"z":0.6482547521591187,"w":-0.02875717170536518},"size":49.28639221191406,"orthographic":false}